[
    {
      "patientNumber": "P123",
      "patientName": "홍길동",
      "patientDisease": "감기",
      "patientRoom": 201
    },
    {
      "patientNumber": "P124",
      "patientName": "김철수",
      "patientDisease": "고열",
      "patientRoom": 201
    },
    {
      "patientNumber": "P125",
      "patientName": "이영희",
      "patientDisease": "백혈병",
      "patientRoom":202
    },
    {
      "patientNumber": "P126",
      "patientName": "박영미",
      "patientDisease": "당뇨",
      "patientRoom": 202
    },
    {
      "patientNumber": "P127",
      "patientName": "정민석",
      "patientDisease": "고혈압",
      "patientRoom": 203
    },
    {
      "patientNumber": "P128",
      "patientName": "김영희",
      "patientDisease": "두통",
      "patientRoom": 203
    },
    {
      "patientNumber": "P129",
      "patientName": "신동수",
      "patientDisease": "알레르기",
      "patientRoom": 204
    },
    {
      "patientNumber": "P130",
      "patientName": "이승호",
      "patientDisease": "관절염",
      "patientRoom": 204
    }
]
